x1,y1,x2,y2,x3,y3,x4,y4,x5,y5,x6,y6,x7,y7,x8,y8,x9,y9,x10,y10,x11,y11,x12,y12,x13,y13,x14,y14,x15,y15,x16,y16,x17,y17,x18,y18,x19,y19,x20,y20,x21,y21,x22,y22,x23,y23,x24,y24,x25,y25,x26,y26,x27,y27,x28,y28,x29,y29,x30,y30
1188,286,1176,254,1094,422,1080,343,1084,261,1029,458,989,112,1029,458,1020,180,1102,381,1032,223,1071,280,1068,271,1006,116,844,196,1021,145,1074,93,1101,69,1047,215,1153,151,1162,277,1161,22,1246,11,965,60,1131,23,1094,160,1159,95,1143,63,1146,193,1144,74
1256,244,1248,293,1093,425,1143,364,1021,195,1045,424,955,111,1045,424,1013,175,1097,391,1029,214,1098,238,1065,278,1008,112,846,193,1022,153,1068,97,1094,75,1039,178,1147,163,1188,242,1166,21,1181,-3,965,73,1117,26,1093,158,1164,104,1133,72,1133,191,1143,75
1251,245,1246,294,1097,435,1156,291,1017,163,1048,434,948,112,1048,434,1010,172,1099,391,1032,213,1099,223,1065,296,1004,113,847,186,1030,160,1073,86,1094,75,1036,198,1149,158,1188,251,1171,20,1180,2,968,71,1113,22,1099,159,1162,102,1134,73,1147,187,1141,72
1250,262,1235,308,1091,427,1149,339,1014,213,1048,431,947,173,1048,431,1011,167,1099,381,1030,219,1098,242,1072,276,1009,110,848,181,1029,161,1072,89,1093,76,1036,192,1142,195,1188,257,1169,25,1187,26,958,69,1113,30,1096,170,1161,107,1136,78,1147,197,1139,79
1241,280,1242,310,1093,428,1152,355,1024,182,1053,440,942,164,1053,440,1012,170,1096,381,1023,223,1097,238,1060,275,1007,117,846,175,1029,166,1074,89,1091,72,1031,207,1150,160,1190,255,1172,26,1190,18,963,61,1107,36,1097,167,1162,112,1136,83,1150,176,1139,79
1244,267,1239,313,1093,435,1160,315,1018,186,1049,430,944,178,1049,430,1010,167,1098,391,1031,226,1095,241,1061,284,1007,117,845,173,1029,156,1075,84,1094,61,1032,195,1143,192,1189,248,1170,17,1194,3,963,73,1107,32,1100,164,1166,115,1132,86,1146,186,1140,87
1244,269,1241,316,1084,437,1146,367,1024,205,1053,427,941,188,1053,427,1017,156,1095,383,1033,223,1093,237,1061,276,1004,109,842,179,1023,149,1079,78,1097,52,1037,204,1150,163,1187,247,1170,20,1196,-9,960,70,1108,24,1102,160,1167,119,1134,81,1149,190,1144,87
1245,258,1237,323,1094,432,1148,354,1018,207,1047,424,943,180,1047,424,1015,161,1090,406,1033,235,1103,235,1061,268,1005,116,842,172,1025,139,1073,83,1095,56,1032,184,1142,154,1186,265,1176,16,1194,-13,956,74,1112,21,1100,158,1165,108,1137,78,1150,205,1142,88
1245,267,1238,323,1092,436,1155,361,1015,225,1045,449,940,173,1045,449,1016,166,1092,369,1031,227,1103,243,1060,268,1007,105,846,176,1021,137,1071,74,1093,53,1030,206,1149,141,1189,268,1177,13,1191,9,963,65,1113,24,1100,166,1166,107,1137,81,1146,191,1144,83
1248,265,1234,314,1089,438,1154,371,1024,210,1047,441,944,167,1047,441,1012,165,1091,389,1030,230,1093,220,1058,270,1005,111,841,174,1023,127,1074,89,1091,44,1033,194,1150,156,1191,262,1172,17,1194,1,960,60,1111,24,1097,162,1167,105,1138,82,1150,197,1141,81
1248,265,1243,317,1088,439,1153,380,1021,185,1047,440,945,183,1047,440,1012,161,1094,389,1031,242,1089,255,1060,262,1009,115,728,180,1025,130,1075,101,1096,53,1039,188,1143,179,1187,256,1175,17,1194,-3,955,66,1112,21,1098,156,1167,107,1137,74,1146,186,1146,84
1246,274,1238,306,1090,437,1155,375,1014,218,1043,426,124,665,1043,426,1014,167,1095,365,1025,257,1094,245,1067,260,1008,110,517,155,1032,131,1070,86,1093,54,1033,173,1141,185,1186,265,1172,9,1193,-4,961,62,1111,25,1098,157,1172,115,1136,86,1148,193,1147,90
1243,270,1240,304,1093,438,1153,371,1011,222,1047,427,-108,301,1047,427,1019,161,1092,375,1031,240,1096,242,1069,256,1009,109,367,165,1030,127,1073,110,1094,48,1036,184,1140,174,1188,266,1172,7,1189,4,959,65,1111,23,1102,163,1171,109,1136,77,1149,198,1147,83
1245,263,1243,300,1093,441,1153,374,1020,246,1053,430,73,161,1053,430,1011,153,1093,362,1035,239,1089,249,1071,249,1008,113,344,164,1026,124,1070,96,1092,47,1030,198,1158,144,1186,254,1172,10,1165,17,962,62,1112,18,1103,157,1171,100,1144,79,1147,185,1143,83
1245,271,1246,300,1086,444,1155,365,1010,241,1051,427,216,97,1051,427,1014,153,1092,360,1032,224,1097,252,1061,247,1006,114,345,165,1031,120,1076,85,1094,47,1022,197,1149,189,1190,265,1177,9,941,14,961,58,1114,21,1103,152,1172,108,1142,78,1146,183,1153,87
1245,276,1249,298,1087,445,1158,374,862,270,1045,406,358,209,1045,406,1021,149,1092,372,1032,233,1098,253,1067,261,1005,108,348,175,1026,120,1073,98,1095,43,1035,193,1144,185,1190,265,1175,16,743,49,957,58,1112,22,1106,150,1177,104,1139,74,1147,200,1149,87
1245,267,1243,302,1093,438,1155,361,683,301,1051,420,363,249,1051,420,1017,157,1090,365,1040,232,1099,251,1062,259,1005,103,346,151,1022,120,1068,113,1098,47,1035,186,1147,173,1191,267,1179,13,646,41,962,43,1111,20,1105,151,1173,104,1136,75,1148,191,1150,78
1246,272,1244,294,1087,445,1157,368,567,327,1051,408,362,295,1051,408,938,160,1094,365,1035,246,1097,258,1062,259,1009,103,348,170,1026,117,1073,100,1098,54,1031,205,1144,198,1188,268,1178,20,647,54,961,53,1111,25,1103,154,1176,107,1141,76,1148,205,1151,90
1246,273,1239,295,1091,443,1157,369,540,344,1052,409,363,296,1052,409,825,155,1095,351,1032,251,1098,259,1067,257,1003,106,348,169,1021,125,1066,110,1091,72,1031,191,1138,217,1192,268,1180,22,646,68,964,45,1111,22,1102,155,1177,98,1140,78,1149,206,1145,98
1247,268,1254,294,1084,441,1156,362,547,353,1049,430,367,296,1049,430,754,182,1095,366,1036,260,1103,245,1068,253,963,107,349,173,1029,117,1068,112,1092,69,1032,202,1141,208,1194,267,1184,16,649,69,804,84,1113,19,1099,157,1178,93,1139,77,1150,198,1151,83
1246,269,1246,296,1097,435,1160,376,541,345,1048,406,371,325,1048,406,742,177,1096,369,881,190,1101,260,999,202,783,115,347,171,1026,125,1074,102,1089,68,1034,197,1142,184,1192,260,1176,12,648,57,630,143,1110,19,1102,164,1138,104,1136,72,1147,196,1141,84
1251,267,1249,296,1090,440,1162,370,542,344,1052,415,375,306,1052,415,730,192,1099,344,679,190,1103,248,904,171,603,153,344,176,1029,116,1073,117,1089,72,1032,203,1145,182,1193,256,1180,7,642,74,462,182,1106,20,1104,148,910,124,1139,72,1148,189,882,151
1246,270,1248,293,1090,422,1164,359,546,353,1045,416,370,310,1045,416,728,198,1097,351,520,214,1098,262,867,155,450,191,351,173,1031,113,1073,100,1017,62,1029,202,1140,211,1193,259,1178,5,645,97,387,186,1111,12,1102,158,715,147,1139,71,1147,206,640,149
1244,269,1249,290,1089,426,1159,372,554,354,1056,420,366,324,1056,420,723,201,1097,358,459,232,1091,272,867,159,338,219,356,169,1031,119,1072,102,813,40,1027,193,1146,199,1190,261,1176,6,634,94,389,201,1113,11,1099,162,606,165,1138,74,1110,189,473,244
1076,271,1252,291,1097,427,1158,368,549,358,1051,439,376,319,1051,439,726,196,1101,372,462,224,1097,246,862,168,341,219,358,158,1023,131,1073,111,652,37,1030,185,1149,213,1187,269,1178,10,637,82,386,202,1118,12,1101,149,579,156,1023,77,995,183,464,242
864,289,1259,298,1093,426,1157,365,550,355,1054,363,374,329,1054,363,723,190,1102,350,470,230,1098,273,863,173,335,235,348,179,1027,126,1072,105,523,13,1030,216,1142,222,1186,271,1177,26,638,118,387,203,998,43,1105,145,589,165,822,92,960,196,473,231
779,290,1252,297,1023,379,1165,348,560,368,992,209,375,328,992,209,670,210,1100,333,467,219,1096,277,861,177,345,239,348,186,945,59,1075,95,377,45,1029,205,1138,217,1198,275,1169,25,646,141,393,180,817,83,1101,142,596,166,694,107,957,207,465,250
778,294,1192,205,851,326,1156,362,561,366,965,155,374,322,965,155,552,201,1101,355,471,226,1091,280,869,176,342,238,351,186,820,20,1076,93,349,62,1030,229,1146,221,1192,268,965,49,648,108,394,201,691,110,1103,147,593,166,602,156,964,194,468,260
787,297,899,115,706,298,1155,362,445,353,952,163,374,326,952,163,449,224,1095,345,469,228,1103,245,866,176,342,230,353,188,715,17,1070,109,345,100,1035,217,1143,212,1189,273,723,90,566,165,392,209,690,116,991,163,595,180,575,200,955,201,471,260
779,303,576,309,646,289,1211,299,295,345,961,145,370,312,961,145,435,228,1102,367,470,222,1100,249,861,178,349,241,348,179,709,18,1076,91,364,109,1026,209,1097,195,1188,272,671,116,525,176,398,208,695,126,847,169,592,172,585,214,960,202,470,257
689,297,506,172,649,299,1243,209,266,349,952,153,375,315,952,153,433,231,1102,338,468,222,1097,266,846,151,345,240,346,193,708,17,1073,119,420,118,1027,217,924,132,1190,274,660,115,526,183,402,212,693,122,743,170,591,181,598,231,952,212,468,257
571,279,506,172,656,287,1235,191,273,351,958,138,385,315,958,138,433,238,1105,350,465,222,1102,271,738,115,346,240,356,184,704,16,1074,107,434,94,1033,230,730,153,1191,271,664,112,533,178,397,193,698,130,742,182,587,175,597,239,959,214,466,263
580,281,498,103,661,296,1243,197,277,352,954,132,379,318,954,132,437,245,1106,357,460,231,1095,264,611,88,342,247,353,178,708,11,1072,97,436,123,1031,219,566,119,1192,267,665,119,527,185,385,201,698,125,746,179,592,182,599,228,954,197,470,259
587,284,578,161,661,293,1244,201,272,350,961,139,384,313,961,139,432,241,1035,342,329,232,1095,277,454,86,352,236,350,189,710,16,1077,102,439,127,1027,245,542,129,1189,280,665,104,524,164,391,204,698,118,740,186,593,179,593,248,953,214,472,259
591,289,571,186,576,278,1245,212,273,357,957,150,380,307,957,150,432,238,885,309,229,239,1101,255,319,81,349,232,346,186,707,22,938,73,443,107,1028,231,522,47,1187,276,665,111,528,185,393,208,695,130,745,168,597,173,601,223,954,209,473,266
589,289,577,203,516,170,1245,202,281,360,957,134,377,304,957,134,429,231,794,295,227,244,1101,261,216,79,350,239,347,179,352,29,731,61,438,102,897,257,470,118,1192,273,668,115,531,187,397,202,698,125,733,190,600,178,597,245,854,214,467,261
584,286,575,225,426,209,1234,227,284,353,954,141,386,308,954,141,426,231,790,294,232,229,1102,264,207,98,344,235,352,197,355,23,555,72,440,123,730,230,398,67,1189,264,666,128,528,167,392,208,697,129,742,170,600,186,607,229,735,173,470,263
582,278,574,207,361,289,1242,201,284,361,957,140,378,315,957,140,438,242,786,285,230,233,1101,259,212,115,348,243,351,202,359,29,372,115,443,125,591,195,367,179,1193,260,659,108,532,160,393,212,700,132,735,203,604,185,602,227,616,246,472,272
585,289,570,208,427,306,1247,210,275,350,960,125,380,314,960,125,433,226,782,289,230,232,1106,274,214,113,343,248,361,229,355,28,291,106,445,123,493,232,370,171,1189,272,662,106,527,164,396,215,701,128,736,195,600,191,601,254,564,242,475,256
596,292,569,234,476,311,1243,224,278,364,960,149,372,291,960,149,438,197,783,273,231,240,1101,269,205,105,349,237,366,415,355,26,303,106,443,125,483,229,377,153,1164,257,666,114,530,175,399,215,699,128,732,201,605,174,603,240,562,255,471,242
593,294,582,249,483,319,1244,210,278,359,961,131,373,303,961,131,434,229,781,298,230,229,1103,257,212,117,356,236,427,585,363,36,307,126,446,104,522,231,374,172,986,199,665,121,525,196,399,212,701,125,731,188,607,184,599,253,565,245,462,263
599,301,568,228,488,323,1194,225,276,355,957,150,374,302,957,150,429,232,780,307,230,232,1098,281,220,118,353,239,488,673,363,47,308,127,444,79,526,243,383,186,772,189,664,137,526,170,399,209,696,123,731,185,597,180,602,235,562,255,467,275
597,301,571,235,481,309,908,299,283,355,954,153,379,282,954,153,430,224,712,258,227,257,1097,275,210,122,346,242,567,696,365,33,311,128,436,124,522,252,391,196,656,207,665,128,527,161,396,214,699,118,743,159,598,183,595,251,562,239,462,269
598,312,566,241,487,313,688,295,269,347,960,153,377,277,960,153,438,203,592,197,235,252,1097,260,117,111,358,238,567,707,367,34,316,127,442,127,525,268,393,187,650,196,668,157,530,188,396,209,698,125,733,193,594,169,603,232,565,255,465,266
599,304,578,253,481,324,625,281,274,351,958,155,377,272,958,155,438,250,461,172,226,256,1101,271,50,86,350,239,571,695,373,49,313,139,443,111,527,286,387,198,652,206,668,125,521,142,402,223,699,128,728,193,598,181,600,240,561,240,496,390
598,309,577,249,499,320,619,285,279,359,956,159,377,266,956,159,428,240,343,183,232,250,1098,269,16,77,346,242,574,698,365,48,314,140,434,117,522,289,386,199,648,212,668,122,523,179,394,218,704,129,732,180,593,164,602,228,566,250,549,514
593,305,579,259,489,311,635,289,273,363,963,163,440,339,963,163,426,234,287,186,226,256,1097,273,20,98,354,245,576,702,374,35,326,135,438,125,525,297,387,185,644,204,676,126,536,206,394,221,700,135,737,178,594,149,601,241,560,268,610,604
595,305,579,246,495,321,631,291,275,351,836,186,515,429,836,186,436,242,325,184,230,257,1097,280,14,94,351,250,576,701,368,45,317,131,441,141,519,295,377,188,645,207,665,138,653,336,398,223,703,126,738,183,604,176,598,241,567,264,690,687
591,301,592,251,491,312,628,302,272,355,682,192,616,492,682,192,430,246,356,193,226,254,1101,290,23,96,347,249,575,702,362,44,327,129,443,138,519,297,382,178,648,204,668,142,759,459,390,220,701,131,732,194,597,177,597,234,561,260,753,686
594,306,585,246,487,313,627,292,283,363,624,196,708,536,624,196,430,241,351,199,229,251,1099,291,26,106,344,265,571,704,373,41,329,131,446,133,524,288,383,184,639,197,670,131,837,490,398,222,701,126,742,160,598,158,600,228,568,248,783,698
590,308,583,246,495,310,631,289,271,360,620,198,733,531,620,198,428,245,351,183,234,252,1102,278,23,104,354,261,571,701,368,50,326,132,443,122,523,289,394,193,640,214,671,130,880,492,400,208,703,138,729,186,598,180,601,231,571,233,790,678
591,307,582,248,492,310,628,282,280,359,616,212,730,540,616,212,427,238,357,179,222,258,969,246,100,100,345,257,579,701,361,47,323,132,442,127,525,302,388,183,635,215,668,144,879,494,397,226,699,130,733,181,596,187,598,245,568,245,791,703
596,310,586,256,498,306,638,296,277,363,621,196,730,548,621,196,435,234,354,191,230,252,756,165,296,98,346,261,571,701,364,41,323,141,443,146,529,300,389,191,642,200,671,132,875,488,389,314,702,141,736,192,582,149,599,238,563,254,788,707
591,307,587,249,492,305,635,294,280,361,619,197,743,570,619,197,436,247,350,199,227,257,575,118,322,128,354,278,577,701,368,41,323,148,442,138,522,296,384,177,640,211,672,147,883,488,414,430,698,136,702,263,623,268,592,246,569,238,789,710
601,307,590,252,495,302,626,293,278,363,615,209,734,633,615,209,427,246,357,174,236,255,418,134,329,131,363,289,572,697,363,39,322,149,440,133,526,307,377,183,638,199,665,137,884,488,452,504,700,137,680,382,656,355,594,244,571,252,794,712
597,314,588,252,484,298,632,290,273,357,618,194,761,662,618,194,485,294,355,179,233,255,329,163,336,134,400,290,581,696,369,46,325,144,434,135,532,303,381,183,647,216,666,137,887,488,483,533,701,144,693,425,720,434,594,243,567,230,797,704
598,319,586,253,495,308,637,299,278,362,613,198,745,691,613,198,526,283,342,203,230,253,407,182,344,132,425,343,579,700,373,53,322,134,436,137,532,306,525,252,641,208,663,141,882,488,489,518,700,152,688,427,766,488,597,245,571,255,796,705
591,319,582,247,491,309,631,292,279,361,615,198,753,704,615,198,564,409,349,208,233,262,455,204,343,140,501,586,582,696,367,40,320,139,443,148,531,302,665,313,639,214,669,134,888,487,491,484,697,156,684,420,788,524,590,248,572,243,799,708
599,321,587,253,488,301,637,291,281,350,614,203,742,702,614,203,623,654,349,188,231,266,440,195,345,130,587,831,586,701,370,40,327,141,451,170,533,311,710,348,648,205,671,140,888,486,481,480,695,155,690,431,822,538,592,245,573,256,798,713
597,323,586,249,491,305,630,289,282,365,610,206,770,719,610,206,690,786,352,187,245,256,445,199,349,125,626,925,578,698,370,33,322,143,464,257,534,312,717,336,645,204,671,146,888,482,494,485,704,182,689,421,822,554,592,266,656,354,900,726
592,321,591,258,494,305,633,292,285,360,556,208,861,720,556,208,861,1016,353,195,202,294,439,188,355,137,659,904,580,702,372,36,324,125,521,353,539,306,720,351,647,206,668,138,887,480,501,482,697,266,691,431,816,547,594,248,739,467,1094,711
595,317,589,254,495,308,536,322,282,360,426,235,821,720,426,235,875,970,353,186,135,323,443,219,352,137,677,896,580,694,377,44,327,129,556,421,532,301,715,344,646,198,673,125,882,482,491,476,696,287,686,430,826,548,595,253,791,517,1274,705
599,321,593,244,490,307,449,354,284,366,362,262,919,716,362,262,877,893,351,203,30,265,446,209,349,140,669,889,580,704,378,53,316,144,622,485,537,312,718,348,653,216,672,151,880,485,491,462,708,324,691,430,820,566,590,254,812,539,1388,705
599,319,589,257,493,305,443,353,284,382,366,261,950,682,366,261,884,885,352,207,-6,337,450,220,358,154,649,795,584,700,426,34,332,130,680,533,540,301,725,343,647,208,670,153,883,486,489,462,693,467,754,474,818,565,589,258,814,533,1390,690
597,319,584,250,495,310,451,347,399,448,361,258,942,646,361,258,883,884,345,212,-1,403,445,211,362,176,690,755,576,697,467,19,325,144,699,544,546,308,718,345,645,210,664,130,877,488,491,475,710,583,832,496,831,572,591,254,821,549,1396,701
598,322,594,252,497,315,449,361,476,515,366,248,924,616,366,248,879,849,348,207,72,488,446,221,462,301,683,690,775,675,541,157,396,170,708,554,535,301,720,353,651,218,662,133,1062,486,490,481,731,629,833,498,831,585,628,302,826,554,1393,700
600,321,594,262,494,309,450,349,554,560,363,252,943,538,363,252,885,817,347,207,133,514,445,198,541,357,671,620,1018,636,572,426,562,249,708,542,541,304,714,355,649,221,672,148,1288,484,494,470,743,637,837,503,837,594,718,370,824,540,1397,698
599,326,596,235,489,310,450,356,576,563,361,251,921,511,361,251,871,760,347,204,134,540,449,212,586,378,672,542,1226,623,578,547,734,317,717,551,541,300,721,344,654,216,673,141,1461,483,482,462,773,621,838,493,836,594,782,437,822,556,1395,697
594,316,585,197,499,313,448,353,588,550,362,256,915,479,362,256,871,702,350,206,146,565,452,213,647,369,669,498,1314,626,672,486,839,366,716,554,534,298,736,357,653,208,676,140,1542,495,487,493,778,584,839,498,831,600,835,474,824,565,1397,693
601,332,585,162,500,320,453,353,590,554,365,254,945,449,365,254,875,648,349,206,141,553,449,212,704,400,670,501,1321,617,724,389,877,392,716,560,533,295,740,349,666,250,671,127,1532,495,501,501,760,569,841,501,831,602,895,502,820,561,1398,693
599,329,571,108,507,327,446,360,585,556,366,248,1095,392,366,248,866,577,348,208,140,555,445,207,714,434,672,491,1326,615,747,341,880,398,717,561,535,311,763,427,706,351,667,159,1523,492,485,480,768,551,839,497,833,598,906,503,823,560,1398,693
600,324,589,225,552,416,449,349,588,556,363,254,1225,427,363,254,885,523,351,210,137,553,453,212,726,431,667,496,1328,620,789,270,886,391,721,565,535,305,792,498,753,452,671,135,1524,488,497,483,768,512,843,493,837,598,911,511,818,559,1396,696
599,321,655,401,572,522,448,353,583,557,367,248,1348,445,367,248,891,448,350,212,129,559,451,208,733,425,673,496,1324,623,800,218,886,395,719,555,572,366,818,536,804,455,677,128,1520,500,490,475,770,481,843,495,837,598,910,512,819,560,1394,691
603,320,748,527,579,536,450,353,587,555,364,262,1403,490,364,262,879,479,345,198,131,553,454,223,739,416,675,539,1328,622,819,235,893,403,722,562,675,456,818,513,858,452,676,141,1525,487,487,468,766,458,844,500,844,593,913,513,830,555,1395,693
599,329,762,558,588,495,450,355,580,570,364,264,1391,505,364,264,871,440,345,210,122,548,452,213,744,431,675,536,1328,619,806,294,898,397,718,555,717,519,820,518,867,527,672,155,1521,491,490,475,763,455,924,509,838,593,979,522,822,562,1398,692
600,324,753,521,598,504,454,356,574,559,369,258,1386,534,369,258,925,530,345,206,125,555,447,213,743,449,662,531,1332,619,810,279,896,400,723,558,730,525,818,517,866,464,677,172,1524,491,498,470,772,445,1087,517,845,586,1095,527,820,558,1395,691
604,326,740,455,583,501,454,357,579,559,371,249,1389,564,371,249,1076,532,347,207,125,551,447,232,737,457,660,515,1330,616,792,312,897,404,721,564,725,530,818,518,863,529,717,255,1526,489,485,473,767,425,1244,543,836,598,1188,542,824,552,1393,692
604,330,748,443,589,496,451,357,578,557,366,260,1386,568,366,260,1252,595,345,212,140,555,456,230,736,464,671,531,1330,618,810,274,898,396,725,570,724,528,817,519,869,532,732,332,1522,493,491,464,775,452,1379,547,835,590,1293,540,824,559,1397,693
611,336,747,438,601,488,450,359,578,553,376,260,1389,580,376,260,1341,603,358,271,305,549,447,229,752,465,672,533,1330,623,796,334,897,394,726,567,728,532,816,520,871,538,737,340,1524,493,490,486,777,496,1475,552,834,577,1380,536,849,560,1397,690
604,333,753,439,595,477,450,362,579,550,376,257,1388,579,376,257,1353,611,423,355,525,581,452,229,753,467,839,544,1329,621,802,353,902,395,725,561,725,534,822,534,871,532,731,334,1526,494,487,472,782,492,1491,557,992,573,1409,538,978,564,1396,689
601,335,743,426,600,462,458,363,577,556,372,249,1382,579,372,249,1354,620,439,389,623,602,455,222,750,463,1038,516,1329,623,806,337,896,394,722,564,731,534,823,523,866,530,735,334,1529,494,488,473,775,512,1491,560,1164,557,1402,538,1071,556,1396,691
601,332,745,458,598,477,447,359,580,555,374,255,1391,579,374,255,1354,628,442,399,619,596,459,250,754,469,1197,581,1325,625,812,361,896,395,724,566,731,530,819,526,864,527,732,345,1525,491,490,471,774,509,1488,555,1310,560,1405,536,1194,566,1396,689
608,326,746,468,594,456,456,354,577,554,369,265,1389,582,369,265,1356,617,439,393,620,596,459,244,759,484,1289,600,1333,625,813,373,896,392,726,563,732,534,818,527,867,532,733,339,1522,493,608,499,770,509,1487,557,1421,574,1409,538,1261,578,1393,691
605,328,754,477,591,453,463,360,582,562,374,259,1392,579,374,259,1357,621,447,400,629,597,499,236,756,482,1305,614,1323,626,818,353,898,397,724,567,732,527,825,529,864,534,736,335,1524,497,881,445,795,513,1492,556,1434,561,1413,535,1291,577,1395,692
605,329,755,517,597,446,455,354,582,554,378,258,1390,580,378,258,1357,619,451,405,633,609,509,181,754,483,1292,636,1334,626,814,364,898,398,723,564,734,525,827,532,870,538,740,333,1526,489,1093,434,927,511,1491,554,1432,567,1403,539,1288,581,1394,694
609,329,760,541,587,451,449,360,578,554,384,245,1392,582,384,245,1358,622,449,405,624,597,530,348,756,476,1296,657,1322,627,828,366,895,394,720,562,730,527,826,533,870,534,743,333,1527,501,1300,494,1066,512,1494,561,1430,566,1401,539,1291,578,1394,694
606,325,759,547,586,444,458,356,578,541,375,259,1385,581,375,259,1360,619,447,402,629,596,614,580,760,479,1297,654,1327,625,818,379,898,394,717,571,730,530,820,532,868,530,791,377,1527,500,1434,516,1197,514,1491,550,1436,565,1402,539,1290,571,1396,693
611,331,757,562,587,434,451,360,579,545,371,291,1390,582,371,291,1359,619,450,404,632,605,641,666,758,481,1302,656,1324,629,816,379,900,393,720,570,733,529,827,532,864,531,867,403,1527,490,1535,546,1293,517,1488,558,1436,570,1409,542,1298,578,1395,693
608,325,753,566,589,441,461,360,663,572,427,417,1390,573,427,417,1361,624,453,397,629,611,665,635,760,476,1296,658,1322,630,820,372,897,393,722,576,781,529,836,533,870,526,895,422,1531,495,1571,555,1373,512,1486,560,1434,572,1411,535,1294,580,1393,692
602,324,759,569,587,452,462,362,862,534,501,567,1390,570,501,567,1360,624,464,403,630,605,757,635,756,467,1301,654,1320,633,967,401,899,390,752,573,997,529,829,530,867,532,899,419,1528,494,1553,565,1376,500,1490,557,1439,575,1408,536,1295,578,1396,693
606,323,752,578,590,438,453,359,1073,541,577,660,1392,577,577,660,1359,627,430,354,637,605,731,594,753,479,1293,654,1319,629,1103,402,922,392,970,579,1183,528,833,524,864,532,903,421,1475,607,1550,574,1376,508,1488,562,1445,577,1409,537,1291,578,1395,694
604,316,826,564,593,445,451,366,1239,522,627,706,1388,577,627,706,1360,630,450,569,638,607,732,579,762,475,1298,652,1319,632,1242,438,1132,351,1164,584,1357,518,897,551,971,534,898,420,1408,699,1542,576,1374,505,1494,565,1440,574,1417,542,1292,583,1395,694
602,307,1037,504,598,438,446,300,1335,528,691,683,1385,570,691,683,1361,628,445,730,636,605,737,593,757,474,1303,652,1322,638,1313,436,1318,330,1337,611,1446,530,1144,557,1136,511,894,423,1383,761,1542,585,1375,507,1496,556,1436,572,1412,539,1295,577,1393,697
604,305,1193,478,588,436,451,241,1330,531,695,687,1387,567,695,687,1359,624,582,753,634,601,729,593,808,490,1303,648,1319,637,1319,452,1384,334,1427,629,1443,540,1327,587,1300,498,905,420,1384,752,1543,578,1379,496,1487,562,1437,579,1410,536,1290,578,1394,691
597,296,1305,462,583,430,481,321,1334,528,699,698,1389,562,699,698,1361,625,615,751,721,597,743,580,992,499,1307,652,1316,642,1318,473,1376,338,1435,634,1439,541,1453,591,1397,503,900,420,1384,755,1546,577,1373,507,1485,563,1441,577,1407,543,1294,578,1392,691
604,304,1303,458,587,443,464,483,1335,529,710,692,1384,575,710,692,1360,628,563,715,947,567,753,583,1141,511,1299,651,1316,640,1322,468,1380,326,1437,636,1442,535,1446,598,1393,501,898,419,1388,759,1539,572,1373,508,1480,560,1436,571,1401,538,1294,577,1385,704
617,387,1309,447,576,424,489,633,1334,526,717,703,1384,567,717,703,1359,635,579,738,1161,554,757,579,1297,518,1310,645,1313,633,1313,466,1377,327,1433,631,1441,534,1443,595,1390,502,902,424,1386,753,1540,570,1373,512,1494,561,1439,575,1410,540,1291,573,1227,783
646,464,1310,444,587,434,471,713,1329,523,716,704,1390,568,716,704,1360,632,575,715,1349,511,740,557,1313,525,1302,646,1300,636,1318,470,1374,332,1437,626,1448,530,1450,591,1398,501,897,425,1386,755,1546,572,1372,518,1442,596,1433,572,1408,537,1290,578,1029,840
653,507,1305,445,588,443,491,792,1333,519,714,699,1381,568,714,699,1356,636,569,698,1486,490,743,558,1312,529,1300,643,1166,669,1328,466,1379,329,1437,630,1445,535,1448,599,1403,494,901,416,1385,758,1550,578,1377,525,1322,639,1430,576,1411,542,1287,578,872,852
649,608,1310,435,591,452,438,807,1336,521,714,706,1390,570,714,706,1354,623,582,696,1537,482,758,533,1316,527,1306,646,1066,833,1318,469,1381,333,1442,631,1440,537,1456,596,1394,499,973,431,1391,758,1555,574,1376,532,1270,683,1429,577,1406,544,1292,577,794,855
652,614,1308,438,589,465,486,807,1331,519,712,706,1384,573,712,706,1336,639,576,657,1534,477,730,512,1321,529,1302,650,1002,1019,1325,467,1374,330,1441,627,1437,536,1445,601,1396,495,1094,441,1385,763,1554,582,1376,533,1269,681,1424,567,1403,543,1293,578,801,862
684,575,1309,437,591,468,455,790,1339,518,717,704,1384,567,717,704,1223,668,574,677,1539,477,731,464,1316,529,1296,649,1014,1091,1330,470,1383,326,1440,628,1443,535,1451,603,1401,494,1200,454,1387,768,1549,581,1375,529,1266,684,1422,567,1402,548,1281,588,814,864
686,514,1307,435,587,467,484,787,1333,521,709,705,1384,567,709,705,1112,663,577,679,1534,474,732,449,1315,525,1293,645,990,1249,1330,463,1378,329,1441,627,1442,536,1446,604,1399,496,1208,452,1392,763,1546,581,1373,525,1264,687,1432,559,1391,545,1281,591,812,861
699,472,1308,435,592,458,331,775,1334,516,718,710,1385,557,718,710,1014,749,572,656,1530,481,739,432,1325,534,1298,644,943,1307,1327,468,1390,332,1439,627,1446,539,1447,598,1399,497,1205,458,1390,770,1545,578,1367,527,1260,685,1419,565,1394,547,1288,582,798,860
688,451,1308,435,591,470,509,831,1335,520,714,708,1383,557,714,708,882,969,580,644,1535,483,732,425,1328,535,1296,648,937,1286,1326,470,1387,314,1440,627,1443,537,1453,596,1398,498,1206,452,1395,760,1545,576,1371,530,1260,682,1362,623,1406,544,1289,588,797,858
686,455,1314,439,628,467,459,898,1339,510,719,709,1386,543,719,709,478,848,564,629,1533,477,741,399,1326,532,1296,647,914,1266,1331,465,1391,259,1436,629,1439,530,1443,596,1397,497,1210,447,1395,761,1543,579,1377,532,1258,681,1285,673,1408,547,1290,582,796,859
684,467,1317,437,848,406,487,851,1342,516,719,706,1380,539,719,706,484,808,563,622,1533,481,739,405,1323,528,1299,647,922,1283,1323,465,1382,329,1430,627,1439,531,1451,597,1395,499,1205,440,1395,764,1542,581,1370,530,1253,682,1249,734,1399,547,1289,578,793,859
685,481,1313,434,1066,448,395,819,1333,520,718,711,1380,526,718,711,481,778,546,567,1527,480,736,413,1334,529,1297,643,906,1270,1324,466,1379,333,1435,628,1438,538,1444,603,1399,500,1208,449,1399,758,1545,582,1373,525,1253,677,1259,723,1399,555,1287,581,798,859
693,476,1311,434,1228,486,322,779,1340,518,719,706,1386,475,719,706,468,784,541,532,1535,478,745,460,1321,534,1299,645,926,1267,1328,464,1383,328,1441,626,1436,542,1459,599,1397,496,1217,436,1396,759,1546,577,1376,526,1258,674,1255,771,1405,550,1290,584,802,855
693,468,1314,438,1342,541,382,826,1329,520,711,707,1392,496,711,707,470,782,546,511,1532,480,752,435,1322,533,1300,645,937,1240,1330,467,1384,331,1432,638,1444,541,1445,594,1398,502,1208,450,1397,755,1547,580,1374,527,1254,675,1256,773,1409,542,1283,582,793,855
694,471,1312,437,1340,570,359,724,1337,516,843,680,1352,650,843,680,472,779,555,493,1529,484,763,454,1321,534,1302,644,913,1203,1321,466,1381,335,1429,628,1439,539,1450,599,1404,499,1211,441,1396,756,1546,578,1375,531,1243,671,1236,776,1393,571,1286,575,801,856
692,465,1311,436,1340,571,325,699,1339,522,1018,639,1333,819,1018,639,477,775,551,486,1528,479,923,471,1325,534,1296,650,906,1200,1329,468,1379,332,1442,623,1436,544,1441,604,1401,502,1211,437,1399,756,1548,575,1371,530,1249,672,1237,769,1380,634,1286,582,798,855
697,470,1312,430,1336,567,398,722,1336,520,1189,600,1177,975,1189,600,476,800,563,494,1531,480,1117,497,1324,533,1290,653,907,1146,1326,465,1383,330,1433,630,1436,537,1449,602,1397,502,1214,439,1393,757,1538,581,1374,534,1160,671,1240,771,1371,659,1283,591,803,854
707,475,1311,437,1333,561,421,711,1330,523,1339,571,1174,1113,1339,571,466,796,574,510,1529,483,1313,514,1325,535,1298,625,920,1133,1321,465,1382,336,1434,635,1435,539,1445,601,1398,502,1210,442,1394,761,1547,587,1376,533,1030,659,1245,757,1369,650,1199,628,798,851
697,470,1307,432,1338,559,381,629,1330,524,1412,570,1310,1426,1412,570,468,811,678,494,1527,483,1425,536,1329,531,1287,613,929,1128,1324,460,1381,334,1435,630,1438,534,1444,599,1393,503,1216,442,1400,762,1542,583,1374,529,910,662,1244,765,1370,655,1133,651,778,857
701,460,1314,433,1339,556,415,675,1343,521,1414,564,1235,1331,1414,564,473,815,887,499,1534,486,1453,554,1322,531,1235,651,851,1037,1328,461,1388,326,1435,642,1439,533,1442,599,1397,505,1218,436,1394,759,1540,588,1374,536,873,650,1238,748,1364,662,1089,693,591,851
691,470,1312,433,1335,550,374,629,1329,520,1409,563,1124,1341,1409,563,468,821,1101,587,1530,482,1443,561,1326,537,1196,731,649,1098,1324,463,1381,332,1431,624,1439,535,1447,602,1395,509,1211,442,1394,756,1540,585,1379,518,875,653,1237,749,1369,670,1055,697,438,833
696,471,1308,433,1338,552,480,638,1335,526,1405,562,1207,1374,1405,562,465,821,1266,679,1526,490,1438,563,1324,531,1162,924,523,1131,1331,460,1381,332,1436,615,1437,538,1445,604,1396,504,1207,444,1398,756,1538,579,1370,540,877,655,1228,751,1363,670,1005,698,435,833
690,477,1312,438,1347,547,443,611,1337,525,1407,564,1205,1385,1407,564,467,826,1382,711,1531,490,1446,562,1325,537,1123,1092,369,953,1323,461,1380,330,1433,628,1440,538,1450,604,1392,505,1211,445,1395,753,1540,587,1386,625,875,650,1229,743,1363,677,1009,692,432,838
690,460,1312,439,1341,550,466,626,1337,524,1415,558,1188,1344,1415,558,470,833,1386,707,1531,494,1440,562,1322,535,1131,1187,474,999,1330,457,1375,336,1435,630,1435,541,1450,610,1395,508,1211,444,1394,752,1539,581,1381,628,874,649,1222,740,1369,681,1009,691,440,840
688,471,1312,434,1341,546,467,625,1333,527,1414,560,1223,1319,1414,560,460,833,1389,714,1530,491,1439,560,1327,539,1005,1382,445,960,1321,461,1382,336,1432,637,1436,537,1449,609,1392,504,1213,437,1223,726,1551,589,1394,688,877,651,1222,744,1363,676,1011,695,437,840
694,468,1312,431,1344,548,465,608,1336,524,1409,558,1111,1241,1409,558,463,835,1389,726,1527,491,1443,564,1328,534,875,1464,456,879,1329,460,1382,338,1412,662,1432,541,1452,614,1390,502,1217,443,980,693,1542,585,1405,733,870,650,1230,741,1363,680,1001,688,436,840
695,473,1318,438,1341,549,462,653,1329,531,1414,560,1053,1216,1414,560,476,845,1390,719,1525,491,1451,555,1322,533,936,1394,459,846,1326,459,1377,334,1322,692,1433,545,1443,619,1392,504,1216,440,786,681,1490,672,1378,756,879,659,1224,747,1369,685,1001,697,434,835
697,468,1312,437,1344,544,1294,739,1334,527,1411,561,1079,1204,1411,561,460,839,1387,728,1526,491,1451,553,1321,537,917,1349,441,832,1319,463,1373,355,1290,718,1442,534,1447,626,1396,502,1213,443,728,671,1433,756,1373,772,870,648,1215,744,1369,687,991,693,439,840
692,468,1310,439,1344,547,1435,522,1339,525,1416,559,1215,1375,1416,559,456,833,1388,734,1531,495,1448,551,1325,513,943,1328,448,852,1325,459,1323,478,1292,719,1430,486,1451,665,1393,505,1212,443,728,675,1398,802,1363,790,778,645,1212,738,1371,685,999,685,443,844
690,467,1309,443,1346,546,1411,469,1334,527,1415,562,1195,1328,1415,562,473,831,1391,739,1530,491,1440,554,1321,490,975,1260,460,870,1328,465,1285,588,1285,723,1421,504,1458,691,1390,508,1211,446,732,675,1384,785,1363,809,701,634,1225,738,1363,690,912,679,444,838
698,467,1310,440,1349,548,1406,493,1336,532,1413,559,1144,1229,1413,559,474,837,1391,735,1531,487,1441,547,1275,557,938,1265,472,884,1323,467,1229,701,1273,717,1422,576,1408,733,1390,513,1211,446,732,677,1387,795,1373,817,679,642,1216,743,1369,688,844,674,446,841
689,465,1311,438,1350,544,1417,512,1338,530,1415,561,1157,1247,1415,561,476,834,1391,735,1529,495,1445,550,1259,730,921,1234,474,880,1321,465,1180,732,1279,662,1406,691,1378,778,1386,523,1216,443,725,682,1377,787,1354,829,683,641,1222,742,1366,687,834,664,442,838
693,468,1318,436,1349,545,1407,526,1333,533,1411,559,1122,1247,1411,559,472,836,1397,734,1526,495,1448,550,1193,903,935,1210,472,883,1321,488,1150,730,1280,680,1392,820,1334,816,1359,541,1215,450,729,673,1374,796,1349,849,691,646,1218,742,1367,678,829,673,441,840
692,467,1311,441,1347,547,1407,544,1332,533,1402,560,1085,1201,1402,560,474,831,1394,732,1525,494,1447,556,1169,1044,935,1164,476,873,1300,578,1146,729,1258,707,1376,898,1324,811,1327,528,1218,450,733,675,1370,798,1369,864,682,651,1219,746,1365,685,837,667,444,841
688,471,1310,441,1347,542,1397,550,1336,536,1403,566,1068,1344,1403,566,470,839,1390,736,1527,496,1442,550,1199,1135,953,1161,473,878,1280,662,1145,733,1262,734,1361,937,1323,786,1280,530,1217,447,729,669,1373,795,1380,868,687,649,1224,747,1369,685,830,667,439,842
689,462,1312,444,1344,547,1397,544,1329,538,1405,561,949,1282,1405,561,470,839,1398,735,1522,495,1443,552,1180,1169,923,1134,468,884,1256,714,1150,730,1270,731,1310,937,1325,782,1267,565,1215,452,731,680,1373,796,1372,864,679,648,1229,752,1370,682,819,668,445,845
687,461,1309,461,1347,546,1401,551,1333,535,1406,562,832,1293,1406,562,465,843,1397,733,1527,517,1440,549,1081,1224,929,1105,471,882,1249,753,1149,734,1263,749,1282,889,1328,789,1248,603,1210,463,732,680,1377,792,1357,850,684,650,1232,753,1368,688,821,662,444,844
688,466,1312,464,1349,547,1405,555,1325,532,1412,560,847,1205,1412,560,476,844,1399,737,1488,496,1434,548,949,1378,931,1056,466,885,1234,788,1144,729,1263,746,1268,822,1322,789,1222,614,1163,514,726,677,1372,786,1368,869,687,647,1237,759,1364,689,795,667,453,846
688,462,1315,442,1344,547,1411,562,1334,542,1401,566,825,1158,1401,566,468,848,1394,739,1442,446,1437,553,914,1444,961,1075,475,879,1236,809,1144,730,1270,751,1276,805,1336,817,1227,631,1101,585,725,678,1372,786,1363,878,684,652,1233,759,1360,690,710,660,451,845
689,463,1317,436,1344,547,1405,574,1331,532,1403,567,840,1078,1403,567,469,843,1346,702,1374,462,1446,563,914,1444,853,1117,467,891,1220,807,1144,729,1267,734,1261,767,1332,819,1203,684,1061,612,731,683,1377,791,1370,894,685,651,1228,753,1359,689,632,661,455,851
686,473,1314,436,1346,547,1410,580,1323,536,1409,568,800,997,1409,568,465,840,1319,688,1335,534,1436,555,900,1434,745,1129,466,880,1225,810,1144,732,1264,739,1301,741,1334,815,1198,693,1024,582,729,680,1370,781,1385,902,678,648,1230,755,1231,689,605,664,449,847
688,462,1285,453,1347,548,1410,581,1322,538,1400,564,802,934,1400,564,470,849,1324,688,1307,564,1445,555,915,1399,634,1129,472,890,1231,801,1144,719,1272,751,1274,716,1325,837,1192,705,982,565,726,681,1371,789,1378,898,680,650,1228,755,1010,703,604,663,451,846
684,468,1237,510,1354,552,1414,588,1326,539,1405,566,808,919,1405,566,462,842,1317,690,1278,556,1445,562,944,1389,523,1134,568,844,1229,794,1144,724,1257,725,1277,680,1327,816,1187,696,963,596,726,681,1374,785,1369,881,675,658,1225,758,855,663,596,669,457,849
683,460,1234,703,1357,550,1411,598,1317,538,1405,567,808,883,1405,567,460,836,1315,686,1265,594,1440,559,950,1407,452,1063,561,851,1229,798,1148,728,1252,711,1287,664,1326,830,1187,700,962,600,726,683,1369,792,1372,856,679,658,1228,766,732,689,598,676,450,845
688,453,1245,845,1347,550,1410,597,1315,546,1403,570,808,877,1403,570,460,843,1315,687,1251,617,1440,561,902,1388,379,929,560,856,1231,799,1146,722,1263,713,1295,644,1326,828,1185,700,959,626,727,681,1366,788,1358,879,680,656,1232,755,647,702,596,676,461,843
686,467,1188,953,1355,552,1411,597,1324,547,1404,569,749,934,1404,569,465,838,1312,690,1255,640,1444,561,897,1407,416,831,560,864,1228,798,1146,728,1253,700,1292,637,1323,822,1180,712,957,633,730,679,1366,793,1356,890,675,657,1229,755,653,701,577,679,457,847
691,469,1200,982,1352,552,1413,602,1320,533,1399,569,633,1007,1399,569,467,838,1320,690,1252,641,1438,563,899,1418,445,745,558,866,1229,799,1148,727,1272,697,1298,632,1331,838,1182,719,960,632,730,686,1365,787,1181,906,680,663,1232,752,663,692,590,676,455,846
684,457,1190,1033,1353,552,1417,606,1335,479,1400,572,554,1067,1400,572,475,836,1313,693,1254,642,1443,571,563,1553,434,750,559,860,1229,794,1154,730,1261,700,1299,619,1328,835,1186,721,963,639,733,683,1365,789,1023,924,678,660,1230,755,657,692,612,678,453,849
685,474,1096,1014,1351,550,1415,600,1251,450,1394,578,595,1108,1394,578,476,826,1315,691,1239,623,1385,587,552,1565,447,789,559,853,1229,796,1154,724,1254,703,1288,624,1326,838,1184,720,959,640,734,681,1361,795,912,967,679,658,1228,764,659,681,604,672,458,846
687,461,1096,1029,1347,550,1415,608,1166,466,1395,594,586,1105,1395,594,463,816,1313,693,1241,668,1274,641,491,1445,467,794,565,854,1227,802,1006,710,1257,701,1288,614,1323,835,1183,725,958,636,740,683,1362,783,706,985,677,662,1231,759,660,686,604,679,456,846
697,471,1159,1123,1345,556,1418,603,1115,583,1368,674,578,1109,1368,674,474,822,1315,693,1227,870,1175,657,533,1349,458,791,565,850,1224,798,823,708,1262,702,1293,619,1323,839,1189,716,956,642,738,691,1364,786,656,1164,678,662,1250,758,657,683,602,683,454,845
693,461,1188,1172,1344,557,1415,607,1077,705,1373,708,583,1107,1373,708,481,824,1316,692,1239,1041,1108,806,592,1184,461,797,560,858,1219,798,735,717,1266,709,1144,646,1334,835,1094,741,966,647,737,682,1359,795,566,1128,678,660,1248,747,666,684,608,683,458,846
684,464,967,1521,1346,554,1404,608,1060,755,1329,702,584,1117,1329,702,479,824,1313,690,811,1435,1038,947,529,1039,524,767,558,849,1222,793,749,720,1264,729,860,635,1216,824,867,742,959,653,726,681,1358,786,562,1125,676,668,1261,745,666,686,611,683,456,842
692,463,1018,1379,1350,565,1417,601,1038,796,1314,801,589,1109,1314,801,467,822,1314,689,718,1489,994,1021,546,954,555,762,560,855,1219,797,750,724,1265,729,649,647,915,791,721,727,959,650,734,681,1362,785,554,1115,675,658,1188,737,657,678,614,687,456,839
692,468,906,1387,1343,560,1411,605,1042,790,1279,960,590,1112,1279,960,473,822,1308,685,540,1475,955,1043,550,870,556,764,564,854,1224,803,738,723,1269,717,552,656,717,764,605,737,966,659,747,685,1365,788,566,1104,668,676,1059,706,659,684,609,686,457,849
695,456,1009,1228,1344,494,1428,537,1032,794,1299,1073,576,1109,1299,1073,482,820,1312,694,615,1357,943,1005,525,818,552,771,565,851,1218,772,745,719,1267,737,555,666,693,780,546,782,965,657,738,686,1365,784,567,1064,673,667,912,692,651,686,608,686,462,846
697,458,961,1162,1304,616,1375,508,1028,772,1215,1078,574,1108,1215,1078,545,798,1310,689,627,1332,895,992,501,782,562,756,564,851,1221,770,739,726,1271,749,561,676,710,797,552,780,968,659,739,685,1362,790,600,1069,677,669,774,708,658,679,609,686,464,851
747,472,917,1116,1129,762,464,1613,1033,749,1179,1077,561,1095,1179,1077,555,779,1308,691,537,1284,921,970,508,764,569,766,560,852,1225,763,734,725,1269,737,539,679,699,802,556,792,968,665,742,688,1356,783,587,1041,678,664,641,699,654,677,609,686,453,843
911,439,974,1067,1103,671,401,1489,1020,761,1183,1067,560,1095,1183,1067,560,782,1313,695,527,1215,910,951,497,795,572,740,557,848,1066,739,732,716,1038,719,554,668,688,806,564,803,966,655,738,686,1365,777,580,1046,676,661,585,731,660,684,612,689,457,846
1038,497,952,1030,851,604,476,1363,1023,754,1202,1042,560,1085,1202,1042,555,782,1308,692,511,1196,929,948,507,808,571,743,564,851,895,692,735,723,795,691,550,681,688,811,567,797,965,667,742,687,1368,782,603,1058,676,670,589,738,645,689,613,685,457,847
1058,483,929,993,640,664,337,1235,1022,752,1183,1036,569,1085,1183,1036,564,774,1260,714,589,1144,929,921,505,820,574,754,567,849,719,694,734,724,608,715,552,673,698,808,563,794,962,662,741,687,1359,771,612,1038,671,660,584,750,648,688,610,688,462,849
1051,487,929,994,589,655,403,1046,1021,757,1179,1028,582,1080,1179,1028,562,769,1194,718,530,1121,940,901,499,810,567,768,567,852,597,690,736,725,463,713,560,683,704,813,564,796,964,667,741,691,1356,773,620,1005,675,668,584,744,650,691,609,681,459,849
1060,502,850,916,602,686,430,836,1026,744,1179,1031,571,1075,1179,1031,567,767,1162,781,530,1087,937,874,508,828,571,760,564,861,508,662,739,724,377,721,561,668,693,818,565,807,967,661,738,687,1364,771,596,992,671,665,578,743,647,689,606,674,466,846
1063,496,915,919,600,715,436,736,1031,744,1171,1032,577,1066,1171,1032,567,764,1114,921,525,1075,918,841,503,824,571,748,560,857,467,690,732,722,387,714,552,673,695,816,567,802,970,662,741,689,1355,771,587,978,674,671,586,736,652,693,602,672,458,840
1062,482,900,912,608,708,450,786,1031,755,1173,1038,581,1062,1173,1038,579,763,1051,1006,534,1076,902,818,490,792,571,750,562,853,471,680,736,727,388,722,552,671,689,823,566,798,969,661,738,692,1360,760,615,973,671,663,584,731,649,694,601,671,455,838
1064,492,921,902,598,717,462,829,1030,755,1183,1040,576,1063,1183,1040,577,773,1064,1088,541,1064,926,807,500,803,566,769,556,856,475,711,738,724,400,725,551,664,703,816,566,806,976,670,737,686,1360,766,576,971,673,670,588,736,649,695,605,673,460,837
1066,482,916,881,598,721,460,843,1029,755,1183,1034,579,1050,1183,1034,578,775,1006,1111,522,1020,905,784,502,809,567,760,562,857,474,715,736,717,397,715,553,666,698,823,558,801,970,660,736,687,1309,772,603,973,669,668,585,733,653,696,606,681,469,847
1069,493,927,837,601,723,456,866,1035,772,1194,1041,580,1052,1194,1041,578,783,993,1114,517,1016,910,780,503,817,565,756,563,856,483,721,734,724,405,716,549,669,701,824,564,806,963,668,741,693,1186,753,609,974,671,669,584,737,648,701,600,671,461,846
1055,484,744,814,596,720,465,847,1046,767,1187,1067,582,1052,1187,1067,577,793,975,1123,540,1015,915,777,500,815,571,760,563,854,473,711,737,724,404,720,558,669,701,830,570,799,970,666,741,692,1028,759,614,971,670,670,585,729,645,699,613,675,464,839
1068,495,531,602,588,719,454,852,1041,788,1169,1110,575,1039,1169,1110,579,792,967,1124,525,993,889,765,501,804,559,762,564,861,478,718,734,726,405,722,563,661,702,829,564,798,938,663,741,685,864,771,612,967,667,670,613,715,650,710,602,670,462,840
1071,498,314,466,585,719,451,867,1049,801,1220,1163,583,1029,1220,1163,575,800,971,1208,531,949,910,753,493,804,558,756,560,857,476,726,740,718,395,718,555,674,693,826,569,799,742,664,731,690,708,788,616,972,671,664,662,697,645,698,602,671,463,844
1076,493,265,469,586,720,450,857,1047,789,1155,1288,580,1028,1155,1288,577,804,942,1199,527,917,902,743,501,809,556,762,560,854,484,732,741,728,404,715,557,664,708,829,568,799,589,668,733,687,623,791,591,967,668,667,664,692,647,706,605,669,460,844
1063,478,271,556,592,729,449,852,1031,785,699,1422,571,1023,699,1422,578,809,1026,1289,510,855,915,748,510,810,557,769,557,850,474,718,735,726,405,727,563,668,698,834,568,799,518,667,728,684,622,806,615,981,669,667,671,702,648,706,604,676,456,841
1073,495,279,567,582,746,452,861,1025,772,636,1412,572,1024,636,1412,577,808,991,1324,516,852,907,744,511,812,559,760,559,862,480,716,734,722,404,721,564,662,710,836,567,801,520,668,734,684,618,809,609,975,670,665,664,694,650,708,,,462,841
1067,492,286,561,586,764,448,852,1038,770,657,1387,571,1018,657,1387,578,809,1003,1324,509,918,910,736,498,797,557,767,556,862,492,733,736,728,408,730,555,659,699,839,571,800,520,666,739,687,618,805,606,973,669,657,671,692,655,707,,,462,840
1069,487,286,559,585,785,452,838,1042,780,723,1302,561,1018,723,1302,579,816,899,1363,512,900,917,735,511,809,562,775,561,864,480,720,736,724,412,728,561,660,701,831,566,802,524,664,725,683,628,806,604,977,665,663,669,693,644,712,,,468,843
1067,493,284,555,580,780,458,826,1032,775,673,1231,567,1020,673,1231,576,811,643,1397,505,905,760,718,501,792,566,778,564,857,489,725,739,731,402,721,559,659,700,836,568,799,530,670,732,682,623,802,602,973,666,669,672,698,641,717,,,459,845
1074,500,278,560,588,793,452,834,992,800,637,1175,569,1023,637,1175,574,812,642,1325,511,907,577,683,514,807,560,776,567,858,487,719,737,731,421,728,557,658,706,836,569,803,530,663,736,676,619,815,607,972,669,662,670,695,643,721,,,456,843
1063,479,267,572,593,802,458,834,857,856,614,1199,568,1024,614,1199,580,810,736,1253,501,916,465,684,498,807,564,777,575,844,489,721,730,723,411,725,553,660,702,834,571,809,522,664,729,681,621,812,613,978,665,660,670,704,641,717,,,458,840
1072,489,277,583,594,807,460,830,740,934,705,1220,565,1020,705,1220,,,611,1168,509,916,472,717,509,794,560,772,565,844,484,719,738,727,418,729,566,668,706,832,562,806,529,671,735,681,616,795,605,973,661,660,666,697,644,725,,,458,839
1062,476,276,569,589,804,456,830,681,1033,605,1166,572,1017,605,1166,,,594,1113,441,903,467,747,510,812,560,776,564,851,490,717,735,730,420,728,565,661,708,839,567,810,528,666,732,681,615,806,598,961,671,666,673,693,645,723,,,462,843
1066,477,273,569,593,803,462,839,587,1185,626,1167,573,1020,626,1167,,,604,1060,368,903,464,747,508,813,559,776,563,845,493,734,739,729,428,736,563,655,703,840,575,807,525,665,733,680,613,797,,,660,667,677,693,648,727,,,457,841
1068,482,281,573,599,799,460,837,440,1408,622,1190,572,1023,622,1190,,,583,958,373,909,469,735,510,806,558,784,563,850,494,730,731,730,425,738,571,657,697,833,570,813,529,672,734,678,618,805,,,667,662,676,692,643,720,,,,
1069,480,283,574,600,801,455,823,367,1614,616,1167,580,1020,616,1167,,,601,883,377,912,467,743,508,808,560,783,566,853,494,732,738,726,424,743,566,654,700,835,571,808,524,675,742,680,618,797,,,670,662,677,691,646,721,,,,
1083,494,283,578,596,805,452,828,482,1654,615,1157,567,1020,615,1157,,,599,842,363,908,470,750,510,822,559,781,567,849,497,727,740,730,425,737,559,656,699,825,571,814,529,674,738,683,620,814,,,667,659,673,690,648,721,,,,
1071,487,275,571,602,808,454,831,433,1537,624,1157,571,1026,624,1157,,,597,811,368,906,468,752,514,830,558,781,567,852,503,700,731,732,430,736,569,658,695,837,570,811,528,671,742,683,617,809,,,670,662,687,700,654,717,,,,
1072,488,443,623,602,804,449,837,492,1464,614,1135,577,1026,614,1135,,,611,843,373,910,478,749,503,807,555,781,567,845,498,705,736,730,428,739,559,655,704,839,575,816,521,668,740,676,621,809,,,672,662,,,645,727,,,,
1083,497,603,686,602,810,450,839,478,1366,644,1144,515,1002,644,1144,,,607,856,369,908,478,753,516,814,557,788,505,854,509,694,732,724,432,742,556,649,700,830,575,813,529,670,741,678,623,801,,,670,659,,,644,724,,,,
1077,488,613,702,599,815,453,827,504,1272,623,1134,469,972,623,1134,,,604,840,367,914,465,751,511,821,559,790,507,846,500,707,736,729,426,738,561,656,700,834,578,812,527,668,738,681,623,809,,,674,665,,,645,721,,,,
1083,478,606,702,598,809,455,820,534,1217,632,1138,474,961,632,1138,,,541,847,377,912,471,756,512,820,562,787,512,844,521,698,733,731,426,739,567,654,698,840,578,818,528,681,742,681,620,799,,,671,662,,,648,724,,,,
1076,495,607,702,601,812,451,834,544,1160,629,1121,468,973,629,1121,,,457,870,369,909,473,752,508,830,562,771,517,843,503,702,733,726,436,747,561,657,699,842,581,816,525,675,741,680,620,801,,,667,655,,,648,717,,,,
1077,481,607,701,593,805,445,837,497,1090,631,1120,460,969,631,1120,,,437,889,381,916,473,754,507,816,549,795,517,866,521,688,744,726,426,741,563,660,705,841,576,811,533,677,740,679,621,805,,,670,658,,,648,713,,,,
1065,489,618,705,600,810,451,837,516,1040,631,1103,474,952,631,1103,,,435,897,376,918,492,753,516,833,553,790,521,857,517,701,739,722,423,741,561,653,693,841,574,809,530,676,749,675,615,810,,,673,658,,,649,720,,,,
1077,473,612,696,598,810,451,834,528,1032,631,1101,472,939,631,1101,,,443,900,374,925,482,757,517,828,557,779,525,863,501,688,734,727,432,748,602,631,699,838,582,814,523,669,743,662,609,813,,,672,656,,,649,721,,,,
1087,502,615,704,590,803,454,819,509,978,636,1105,485,935,636,1105,,,436,899,372,919,482,748,513,833,553,786,529,858,501,672,744,719,432,740,638,600,696,836,586,808,537,678,,,619,811,,,676,643,,,652,723,,,,
1081,489,619,709,592,804,457,814,495,925,627,1079,476,921,627,1079,,,436,899,371,918,486,765,516,835,558,784,,,504,690,741,724,438,745,632,597,693,839,,,531,671,,,620,816,,,,,,,656,715,,,,
1076,494,618,706,589,806,444,826,511,927,621,1078,468,916,621,1078,,,444,899,369,920,481,759,513,826,552,787,,,503,673,744,723,435,747,631,594,697,831,,,533,676,,,618,819,,,,,,,649,722,,,,
1081,499,612,707,584,800,456,827,522,900,622,1081,474,902,622,1081,,,448,897,371,920,485,757,518,832,549,778,,,517,692,745,727,434,746,628,604,697,831,,,535,675,,,617,811,,,,,,,650,721,,,,
1080,521,622,714,591,802,451,828,533,851,616,1064,476,896,616,1064,,,446,892,368,922,490,760,511,826,546,790,,,514,691,751,727,433,742,636,606,706,835,,,538,671,,,614,821,,,,,,,654,718,,,,
1081,498,619,709,590,806,454,834,525,849,632,1045,469,888,632,1045,,,447,889,372,914,487,755,510,819,544,798,,,515,689,748,728,431,742,646,612,704,839,,,540,677,,,620,814,,,,,,,650,718,,,,
1088,530,617,705,591,805,457,833,504,823,648,1043,477,872,648,1043,,,449,892,367,916,483,753,506,812,548,784,,,515,665,748,721,440,748,650,610,703,832,,,540,676,,,625,811,,,,,,,650,721,,,,
1088,518,619,713,583,798,454,832,495,774,644,1036,471,857,644,1036,,,455,884,370,924,494,761,508,819,555,782,,,511,688,749,722,443,744,642,603,694,850,,,538,679,,,622,815,,,,,,,646,714,,,,
1082,523,623,712,583,794,463,838,511,769,638,1019,472,854,638,1019,,,454,885,370,922,488,759,507,823,544,789,,,547,685,743,724,443,749,643,601,694,843,,,537,675,,,,,,,,,,,,,,,,
1076,524,618,711,581,787,462,815,508,761,624,1003,474,852,624,1003,,,451,893,368,920,484,741,508,808,539,794,,,561,729,745,723,440,743,655,619,695,838,,,537,681,,,,,,,,,,,,,,,,
1070,492,616,706,576,787,461,817,504,754,630,993,479,850,630,993,,,452,896,370,922,489,743,501,818,546,773,,,552,698,741,728,438,746,653,616,693,838,,,532,676,,,,,,,,,,,,,,,,
1075,505,621,710,591,799,464,836,495,758,643,987,477,850,643,987,,,455,901,374,921,494,738,504,826,548,787,,,552,715,744,725,445,750,648,613,699,835,,,540,673,,,,,,,,,,,,,,,,
1077,501,617,710,569,784,465,820,501,746,633,981,476,850,633,981,,,456,894,360,919,490,741,510,817,548,786,,,552,704,738,728,440,748,656,627,706,834,,,541,678,,,,,,,,,,,,,,,,
1079,507,621,714,577,774,465,830,500,742,626,983,477,860,626,983,,,460,895,356,923,494,742,498,831,546,792,,,550,689,740,727,433,745,663,623,701,839,,,543,685,,,,,,,,,,,,,,,,
1077,490,617,709,579,787,470,832,503,719,626,974,473,850,626,974,,,463,894,357,918,499,739,503,829,542,793,,,558,707,737,727,443,745,657,606,703,836,,,543,680,,,,,,,,,,,,,,,,
1091,516,620,707,587,793,466,819,506,714,638,962,481,854,638,962,,,457,904,357,923,490,734,501,831,548,788,,,555,702,740,725,448,747,658,608,705,834,,,539,682,,,,,,,,,,,,,,,,
1079,507,621,708,576,791,461,824,502,701,642,961,469,848,642,961,,,463,898,353,921,490,730,505,826,544,803,,,558,689,742,726,442,749,663,615,706,835,,,541,685,,,,,,,,,,,,,,,,
1085,511,618,707,582,779,475,816,505,693,654,961,479,850,654,961,,,467,897,356,921,488,745,502,827,554,782,,,562,713,742,731,447,751,658,613,704,836,,,541,679,,,,,,,,,,,,,,,,
1089,497,619,704,583,788,458,819,496,685,650,953,474,845,650,953,,,460,902,357,919,487,735,501,827,554,786,,,558,705,742,727,445,751,659,619,708,836,,,542,684,,,,,,,,,,,,,,,,
1089,493,619,704,589,773,472,813,484,667,639,945,483,840,639,945,,,465,900,354,924,480,742,497,816,544,780,,,546,633,749,723,442,742,657,606,710,836,,,534,680,,,,,,,,,,,,,,,,
1081,477,617,704,585,773,459,823,501,677,637,932,490,838,637,932,,,465,901,355,920,486,743,498,835,548,783,,,545,650,746,729,446,749,660,598,705,848,,,537,677,,,,,,,,,,,,,,,,
1092,517,614,711,581,760,459,807,492,679,638,929,479,825,638,929,,,463,899,359,922,495,752,499,831,550,784,,,553,665,747,724,443,737,669,592,716,841,,,538,685,,,,,,,,,,,,,,,,
1106,630,614,708,580,775,467,817,512,672,654,921,505,830,654,921,,,463,895,353,916,500,752,500,836,553,778,,,554,635,748,730,445,752,,,711,841,,,537,681,,,,,,,,,,,,,,,,
1049,775,617,708,585,745,466,819,505,672,660,922,499,824,660,922,,,466,899,356,922,498,744,494,834,544,784,,,,,744,724,447,744,,,707,841,,,540,679,,,,,,,,,,,,,,,,
1200,1034,619,709,584,773,464,802,502,670,656,907,500,832,656,907,,,460,893,356,926,498,745,500,818,549,782,,,,,743,722,447,751,,,711,842,,,535,686,,,,,,,,,,,,,,,,
1191,1262,616,704,579,770,466,813,517,674,642,901,,,642,901,,,468,893,355,923,498,744,504,821,568,804,,,,,750,731,447,746,,,705,840,,,535,681,,,,,,,,,,,,,,,,
1191,1262,612,708,576,744,464,803,508,681,643,903,,,643,903,,,475,897,362,920,497,745,506,825,559,798,,,,,748,727,451,747,,,705,843,,,542,681,,,,,,,,,,,,,,,,
1184,1586,615,699,577,772,468,807,511,660,634,909,,,634,909,,,465,900,354,918,486,749,503,822,553,775,,,,,745,729,444,752,,,706,833,,,536,685,,,,,,,,,,,,,,,,
1055,1541,614,700,574,758,459,809,501,666,647,909,,,647,909,,,468,893,356,924,484,741,506,831,549,787,,,,,751,722,451,737,,,704,836,,,534,679,,,,,,,,,,,,,,,,
1055,1541,612,701,582,768,460,791,503,659,637,914,,,637,914,,,470,897,357,925,554,718,502,839,552,772,,,,,747,727,,,,,706,832,,,540,676,,,,,,,,,,,,,,,,
1167,1490,619,714,572,761,465,814,512,658,648,915,,,648,915,,,470,895,355,912,568,712,503,833,554,776,,,,,749,729,,,,,706,829,,,540,682,,,,,,,,,,,,,,,,
1167,1490,610,703,573,770,469,806,502,655,642,909,,,642,909,,,472,889,357,919,569,706,499,838,545,796,,,,,746,726,,,,,709,837,,,534,672,,,,,,,,,,,,,,,,
1150,1410,614,705,576,770,468,798,516,655,636,914,,,636,914,,,462,884,360,921,575,700,505,826,543,788,,,,,750,718,,,,,706,850,,,535,677,,,,,,,,,,,,,,,,
1056,1275,618,713,579,752,474,803,507,659,643,914,,,643,914,,,466,882,355,916,568,704,509,839,543,795,,,,,,,,,,,709,836,,,541,680,,,,,,,,,,,,,,,,
1138,1243,623,712,583,746,469,794,494,655,640,916,,,640,916,,,468,888,357,916,582,702,506,825,545,792,,,,,,,,,,,711,840,,,542,679,,,,,,,,,,,,,,,,
1119,1183,619,704,578,759,479,794,501,657,645,913,,,645,913,,,473,890,356,925,585,706,503,839,543,792,,,,,,,,,,,714,855,,,547,679,,,,,,,,,,,,,,,,
1077,1082,616,710,581,771,473,779,511,657,660,906,,,660,906,,,464,887,349,922,580,702,513,837,549,800,,,,,,,,,,,708,851,,,545,675,,,,,,,,,,,,,,,,
1145,1083,617,713,574,769,484,779,505,657,643,906,,,643,906,,,468,894,355,922,584,715,511,818,547,790,,,,,,,,,,,705,858,,,550,682,,,,,,,,,,,,,,,,
995,990,619,711,575,766,469,784,499,649,649,913,,,649,913,,,475,891,351,924,585,713,521,844,538,790,,,,,,,,,,,706,850,,,552,678,,,,,,,,,,,,,,,,
1166,987,616,709,585,779,470,783,531,674,644,915,,,644,915,,,474,896,350,917,580,703,502,829,540,789,,,,,,,,,,,707,849,,,549,679,,,,,,,,,,,,,,,,
1151,939,627,711,586,775,464,753,505,638,637,912,,,637,912,,,477,900,354,913,587,709,487,816,536,782,,,,,,,,,,,707,852,,,553,678,,,,,,,,,,,,,,,,
1126,933,619,705,577,764,463,733,512,640,644,910,,,644,910,,,466,890,353,918,591,709,488,814,534,784,,,,,,,,,,,715,858,,,547,680,,,,,,,,,,,,,,,,
1125,902,620,708,576,751,460,734,504,646,645,909,,,645,909,,,472,896,360,911,590,710,,,540,804,,,,,,,,,,,724,871,,,548,685,,,,,,,,,,,,,,,,
1140,868,624,703,576,769,472,746,508,643,649,907,,,649,907,,,470,896,360,916,595,714,,,525,794,,,,,,,,,,,727,865,,,548,678,,,,,,,,,,,,,,,,
1126,835,622,705,583,769,469,740,497,634,652,913,,,652,913,,,468,888,356,928,589,709,,,536,788,,,,,,,,,,,734,863,,,543,686,,,,,,,,,,,,,,,,
1118,820,623,710,,,458,748,500,642,644,922,,,644,922,,,468,898,372,924,592,707,,,546,800,,,,,,,,,,,740,863,,,548,689,,,,,,,,,,,,,,,,
1129,795,626,713,,,472,733,508,634,646,919,,,646,919,,,470,898,377,929,594,717,,,538,803,,,,,,,,,,,737,862,,,551,685,,,,,,,,,,,,,,,,
1115,797,626,704,,,472,746,503,626,648,915,,,648,915,,,466,897,372,922,588,708,,,539,805,,,,,,,,,,,732,863,,,543,683,,,,,,,,,,,,,,,,
1114,779,622,704,,,493,761,498,618,647,927,,,647,927,,,470,893,371,928,598,712,,,530,801,,,,,,,,,,,733,860,,,546,683,,,,,,,,,,,,,,,,
1112,800,623,705,,,490,787,506,632,652,934,,,652,934,,,471,902,372,923,596,709,,,541,817,,,,,,,,,,,736,866,,,552,683,,,,,,,,,,,,,,,,
1109,799,,,,,490,789,500,628,648,930,,,648,930,,,475,891,370,922,603,712,,,530,800,,,,,,,,,,,736,866,,,549,685,,,,,,,,,,,,,,,,
1117,780,,,,,493,813,497,621,649,922,,,649,922,,,476,899,373,925,600,712,,,540,809,,,,,,,,,,,736,862,,,553,685,,,,,,,,,,,,,,,,
1115,774,,,,,494,804,485,603,664,926,,,664,926,,,475,899,369,931,601,709,,,546,819,,,,,,,,,,,745,869,,,550,686,,,,,,,,,,,,,,,,
1068,765,,,,,496,794,496,615,652,913,,,652,913,,,473,893,370,924,603,711,,,553,813,,,,,,,,,,,738,862,,,550,677,,,,,,,,,,,,,,,,
983,749,,,,,503,818,500,611,654,924,,,654,924,,,466,889,369,930,607,714,,,538,813,,,,,,,,,,,734,866,,,551,672,,,,,,,,,,,,,,,,
983,757,,,,,490,807,524,651,647,923,,,647,923,,,,,370,930,602,714,,,540,808,,,,,,,,,,,738,856,,,543,675,,,,,,,,,,,,,,,,
983,748,,,,,493,809,502,605,658,926,,,658,926,,,,,371,936,608,710,,,,,,,,,,,,,,,735,858,,,556,662,,,,,,,,,,,,,,,,
985,726,,,,,498,794,505,613,663,924,,,663,924,,,,,375,930,605,714,,,,,,,,,,,,,,,735,863,,,,,,,,,,,,,,,,,,,,
984,719,,,,,493,816,542,659,664,929,,,664,929,,,,,376,939,605,709,,,,,,,,,,,,,,,736,864,,,,,,,,,,,,,,,,,,,,
978,715,,,,,489,805,524,661,665,920,,,665,920,,,,,368,933,610,713,,,,,,,,,,,,,,,737,862,,,,,,,,,,,,,,,,,,,,
979,708,,,,,485,805,530,648,679,912,,,679,912,,,,,364,936,613,700,,,,,,,,,,,,,,,732,866,,,,,,,,,,,,,,,,,,,,
974,701,,,,,489,811,516,649,679,872,,,679,872,,,,,370,937,,,,,,,,,,,,,,,,,734,855,,,,,,,,,,,,,,,,,,,,
975,699,,,,,474,869,530,654,697,925,,,697,925,,,,,388,934,,,,,,,,,,,,,,,,,737,864,,,,,,,,,,,,,,,,,,,,
979,701,,,,,497,798,520,645,,,,,,,,,,,385,926,,,,,,,,,,,,,,,,,730,861,,,,,,,,,,,,,,,,,,,,
976,703,,,,,484,791,534,664,,,,,,,,,,,380,927,,,,,,,,,,,,,,,,,736,869,,,,,,,,,,,,,,,,,,,,
974,709,,,,,489,819,533,656,,,,,,,,,,,,,,,,,,,,,,,,,,,,,,,,,,,,,,,,,,,,,,,,,,
972,723,,,,,492,785,532,660,,,,,,,,,,,,,,,,,,,,,,,,,,,,,,,,,,,,,,,,,,,,,,,,,,
904,883,,,,,480,838,527,651,,,,,,,,,,,,,,,,,,,,,,,,,,,,,,,,,,,,,,,,,,,,,,,,,,
346,1766,,,,,490,840,537,661,,,,,,,,,,,,,,,,,,,,,,,,,,,,,,,,,,,,,,,,,,,,,,,,,,
552,1634,,,,,491,834,533,655,,,,,,,,,,,,,,,,,,,,,,,,,,,,,,,,,,,,,,,,,,,,,,,,,,
478,1423,,,,,488,852,526,649,,,,,,,,,,,,,,,,,,,,,,,,,,,,,,,,,,,,,,,,,,,,,,,,,,
365,1253,,,,,498,841,532,656,,,,,,,,,,,,,,,,,,,,,,,,,,,,,,,,,,,,,,,,,,,,,,,,,,
513,1171,,,,,497,836,532,644,,,,,,,,,,,,,,,,,,,,,,,,,,,,,,,,,,,,,,,,,,,,,,,,,,
497,1057,,,,,492,829,526,641,,,,,,,,,,,,,,,,,,,,,,,,,,,,,,,,,,,,,,,,,,,,,,,,,,
478,962,,,,,,,523,662,,,,,,,,,,,,,,,,,,,,,,,,,,,,,,,,,,,,,,,,,,,,,,,,,,
486,919,,,,,,,539,665,,,,,,,,,,,,,,,,,,,,,,,,,,,,,,,,,,,,,,,,,,,,,,,,,,
520,899,,,,,,,536,654,,,,,,,,,,,,,,,,,,,,,,,,,,,,,,,,,,,,,,,,,,,,,,,,,,
497,804,,,,,,,537,665,,,,,,,,,,,,,,,,,,,,,,,,,,,,,,,,,,,,,,,,,,,,,,,,,,
501,779,,,,,,,529,643,,,,,,,,,,,,,,,,,,,,,,,,,,,,,,,,,,,,,,,,,,,,,,,,,,
500,779,,,,,,,532,652,,,,,,,,,,,,,,,,,,,,,,,,,,,,,,,,,,,,,,,,,,,,,,,,,,
502,794,,,,,,,528,632,,,,,,,,,,,,,,,,,,,,,,,,,,,,,,,,,,,,,,,,,,,,,,,,,,
505,784,,,,,,,525,662,,,,,,,,,,,,,,,,,,,,,,,,,,,,,,,,,,,,,,,,,,,,,,,,,,
489,767,,,,,,,,,,,,,,,,,,,,,,,,,,,,,,,,,,,,,,,,,,,,,,,,,,,,,,,,,,
500,775,,,,,,,,,,,,,,,,,,,,,,,,,,,,,,,,,,,,,,,,,,,,,,,,,,,,,,,,,,
491,755,,,,,,,,,,,,,,,,,,,,,,,,,,,,,,,,,,,,,,,,,,,,,,,,,,,,,,,,,,
498,772,,,,,,,,,,,,,,,,,,,,,,,,,,,,,,,,,,,,,,,,,,,,,,,,,,,,,,,,,,
494,759,,,,,,,,,,,,,,,,,,,,,,,,,,,,,,,,,,,,,,,,,,,,,,,,,,,,,,,,,,
492,757,,,,,,,,,,,,,,,,,,,,,,,,,,,,,,,,,,,,,,,,,,,,,,,,,,,,,,,,,,
498,756,,,,,,,,,,,,,,,,,,,,,,,,,,,,,,,,,,,,,,,,,,,,,,,,,,,,,,,,,,
493,765,,,,,,,,,,,,,,,,,,,,,,,,,,,,,,,,,,,,,,,,,,,,,,,,,,,,,,,,,,
501,752,,,,,,,,,,,,,,,,,,,,,,,,,,,,,,,,,,,,,,,,,,,,,,,,,,,,,,,,,,
497,748,,,,,,,,,,,,,,,,,,,,,,,,,,,,,,,,,,,,,,,,,,,,,,,,,,,,,,,,,,
504,747,,,,,,,,,,,,,,,,,,,,,,,,,,,,,,,,,,,,,,,,,,,,,,,,,,,,,,,,,,
501,742,,,,,,,,,,,,,,,,,,,,,,,,,,,,,,,,,,,,,,,,,,,,,,,,,,,,,,,,,,
502,743,,,,,,,,,,,,,,,,,,,,,,,,,,,,,,,,,,,,,,,,,,,,,,,,,,,,,,,,,,
501,750,,,,,,,,,,,,,,,,,,,,,,,,,,,,,,,,,,,,,,,,,,,,,,,,,,,,,,,,,,
498,748,,,,,,,,,,,,,,,,,,,,,,,,,,,,,,,,,,,,,,,,,,,,,,,,,,,,,,,,,,
496,751,,,,,,,,,,,,,,,,,,,,,,,,,,,,,,,,,,,,,,,,,,,,,,,,,,,,,,,,,,
503,758,,,,,,,,,,,,,,,,,,,,,,,,,,,,,,,,,,,,,,,,,,,,,,,,,,,,,,,,,,
501,745,,,,,,,,,,,,,,,,,,,,,,,,,,,,,,,,,,,,,,,,,,,,,,,,,,,,,,,,,,
502,750,,,,,,,,,,,,,,,,,,,,,,,,,,,,,,,,,,,,,,,,,,,,,,,,,,,,,,,,,,
496,747,,,,,,,,,,,,,,,,,,,,,,,,,,,,,,,,,,,,,,,,,,,,,,,,,,,,,,,,,,
505,746,,,,,,,,,,,,,,,,,,,,,,,,,,,,,,,,,,,,,,,,,,,,,,,,,,,,,,,,,,
505,750,,,,,,,,,,,,,,,,,,,,,,,,,,,,,,,,,,,,,,,,,,,,,,,,,,,,,,,,,,
504,733,,,,,,,,,,,,,,,,,,,,,,,,,,,,,,,,,,,,,,,,,,,,,,,,,,,,,,,,,,
506,734,,,,,,,,,,,,,,,,,,,,,,,,,,,,,,,,,,,,,,,,,,,,,,,,,,,,,,,,,,
497,724,,,,,,,,,,,,,,,,,,,,,,,,,,,,,,,,,,,,,,,,,,,,,,,,,,,,,,,,,,
506,750,,,,,,,,,,,,,,,,,,,,,,,,,,,,,,,,,,,,,,,,,,,,,,,,,,,,,,,,,,
510,754,,,,,,,,,,,,,,,,,,,,,,,,,,,,,,,,,,,,,,,,,,,,,,,,,,,,,,,,,,
515,739,,,,,,,,,,,,,,,,,,,,,,,,,,,,,,,,,,,,,,,,,,,,,,,,,,,,,,,,,,
508,737,,,,,,,,,,,,,,,,,,,,,,,,,,,,,,,,,,,,,,,,,,,,,,,,,,,,,,,,,,
513,746,,,,,,,,,,,,,,,,,,,,,,,,,,,,,,,,,,,,,,,,,,,,,,,,,,,,,,,,,,
512,750,,,,,,,,,,,,,,,,,,,,,,,,,,,,,,,,,,,,,,,,,,,,,,,,,,,,,,,,,,
516,751,,,,,,,,,,,,,,,,,,,,,,,,,,,,,,,,,,,,,,,,,,,,,,,,,,,,,,,,,,
519,757,,,,,,,,,,,,,,,,,,,,,,,,,,,,,,,,,,,,,,,,,,,,,,,,,,,,,,,,,,
510,749,,,,,,,,,,,,,,,,,,,,,,,,,,,,,,,,,,,,,,,,,,,,,,,,,,,,,,,,,,
525,750,,,,,,,,,,,,,,,,,,,,,,,,,,,,,,,,,,,,,,,,,,,,,,,,,,,,,,,,,,
513,746,,,,,,,,,,,,,,,,,,,,,,,,,,,,,,,,,,,,,,,,,,,,,,,,,,,,,,,,,,
526,756,,,,,,,,,,,,,,,,,,,,,,,,,,,,,,,,,,,,,,,,,,,,,,,,,,,,,,,,,,
522,743,,,,,,,,,,,,,,,,,,,,,,,,,,,,,,,,,,,,,,,,,,,,,,,,,,,,,,,,,,
519,758,,,,,,,,,,,,,,,,,,,,,,,,,,,,,,,,,,,,,,,,,,,,,,,,,,,,,,,,,,
523,759,,,,,,,,,,,,,,,,,,,,,,,,,,,,,,,,,,,,,,,,,,,,,,,,,,,,,,,,,,
521,758,,,,,,,,,,,,,,,,,,,,,,,,,,,,,,,,,,,,,,,,,,,,,,,,,,,,,,,,,,
524,747,,,,,,,,,,,,,,,,,,,,,,,,,,,,,,,,,,,,,,,,,,,,,,,,,,,,,,,,,,
521,758,,,,,,,,,,,,,,,,,,,,,,,,,,,,,,,,,,,,,,,,,,,,,,,,,,,,,,,,,,
527,766,,,,,,,,,,,,,,,,,,,,,,,,,,,,,,,,,,,,,,,,,,,,,,,,,,,,,,,,,,
529,754,,,,,,,,,,,,,,,,,,,,,,,,,,,,,,,,,,,,,,,,,,,,,,,,,,,,,,,,,,
522,755,,,,,,,,,,,,,,,,,,,,,,,,,,,,,,,,,,,,,,,,,,,,,,,,,,,,,,,,,,
521,771,,,,,,,,,,,,,,,,,,,,,,,,,,,,,,,,,,,,,,,,,,,,,,,,,,,,,,,,,,
524,758,,,,,,,,,,,,,,,,,,,,,,,,,,,,,,,,,,,,,,,,,,,,,,,,,,,,,,,,,,
530,767,,,,,,,,,,,,,,,,,,,,,,,,,,,,,,,,,,,,,,,,,,,,,,,,,,,,,,,,,,
524,751,,,,,,,,,,,,,,,,,,,,,,,,,,,,,,,,,,,,,,,,,,,,,,,,,,,,,,,,,,
532,758,,,,,,,,,,,,,,,,,,,,,,,,,,,,,,,,,,,,,,,,,,,,,,,,,,,,,,,,,,
529,761,,,,,,,,,,,,,,,,,,,,,,,,,,,,,,,,,,,,,,,,,,,,,,,,,,,,,,,,,,
526,754,,,,,,,,,,,,,,,,,,,,,,,,,,,,,,,,,,,,,,,,,,,,,,,,,,,,,,,,,,
530,760,,,,,,,,,,,,,,,,,,,,,,,,,,,,,,,,,,,,,,,,,,,,,,,,,,,,,,,,,,
523,757,,,,,,,,,,,,,,,,,,,,,,,,,,,,,,,,,,,,,,,,,,,,,,,,,,,,,,,,,,
525,751,,,,,,,,,,,,,,,,,,,,,,,,,,,,,,,,,,,,,,,,,,,,,,,,,,,,,,,,,,
524,755,,,,,,,,,,,,,,,,,,,,,,,,,,,,,,,,,,,,,,,,,,,,,,,,,,,,,,,,,,
520,749,,,,,,,,,,,,,,,,,,,,,,,,,,,,,,,,,,,,,,,,,,,,,,,,,,,,,,,,,,
522,754,,,,,,,,,,,,,,,,,,,,,,,,,,,,,,,,,,,,,,,,,,,,,,,,,,,,,,,,,,
517,752,,,,,,,,,,,,,,,,,,,,,,,,,,,,,,,,,,,,,,,,,,,,,,,,,,,,,,,,,,
523,748,,,,,,,,,,,,,,,,,,,,,,,,,,,,,,,,,,,,,,,,,,,,,,,,,,,,,,,,,,
523,755,,,,,,,,,,,,,,,,,,,,,,,,,,,,,,,,,,,,,,,,,,,,,,,,,,,,,,,,,,
518,749,,,,,,,,,,,,,,,,,,,,,,,,,,,,,,,,,,,,,,,,,,,,,,,,,,,,,,,,,,
525,745,,,,,,,,,,,,,,,,,,,,,,,,,,,,,,,,,,,,,,,,,,,,,,,,,,,,,,,,,,
531,755,,,,,,,,,,,,,,,,,,,,,,,,,,,,,,,,,,,,,,,,,,,,,,,,,,,,,,,,,,
520,757,,,,,,,,,,,,,,,,,,,,,,,,,,,,,,,,,,,,,,,,,,,,,,,,,,,,,,,,,,
529,757,,,,,,,,,,,,,,,,,,,,,,,,,,,,,,,,,,,,,,,,,,,,,,,,,,,,,,,,,,
524,741,,,,,,,,,,,,,,,,,,,,,,,,,,,,,,,,,,,,,,,,,,,,,,,,,,,,,,,,,,
522,750,,,,,,,,,,,,,,,,,,,,,,,,,,,,,,,,,,,,,,,,,,,,,,,,,,,,,,,,,,
530,756,,,,,,,,,,,,,,,,,,,,,,,,,,,,,,,,,,,,,,,,,,,,,,,,,,,,,,,,,,
522,743,,,,,,,,,,,,,,,,,,,,,,,,,,,,,,,,,,,,,,,,,,,,,,,,,,,,,,,,,,
525,750,,,,,,,,,,,,,,,,,,,,,,,,,,,,,,,,,,,,,,,,,,,,,,,,,,,,,,,,,,
528,753,,,,,,,,,,,,,,,,,,,,,,,,,,,,,,,,,,,,,,,,,,,,,,,,,,,,,,,,,,
530,759,,,,,,,,,,,,,,,,,,,,,,,,,,,,,,,,,,,,,,,,,,,,,,,,,,,,,,,,,,
537,747,,,,,,,,,,,,,,,,,,,,,,,,,,,,,,,,,,,,,,,,,,,,,,,,,,,,,,,,,,
544,758,,,,,,,,,,,,,,,,,,,,,,,,,,,,,,,,,,,,,,,,,,,,,,,,,,,,,,,,,,
536,758,,,,,,,,,,,,,,,,,,,,,,,,,,,,,,,,,,,,,,,,,,,,,,,,,,,,,,,,,,
537,759,,,,,,,,,,,,,,,,,,,,,,,,,,,,,,,,,,,,,,,,,,,,,,,,,,,,,,,,,,
536,756,,,,,,,,,,,,,,,,,,,,,,,,,,,,,,,,,,,,,,,,,,,,,,,,,,,,,,,,,,
538,749,,,,,,,,,,,,,,,,,,,,,,,,,,,,,,,,,,,,,,,,,,,,,,,,,,,,,,,,,,
544,764,,,,,,,,,,,,,,,,,,,,,,,,,,,,,,,,,,,,,,,,,,,,,,,,,,,,,,,,,,
541,762,,,,,,,,,,,,,,,,,,,,,,,,,,,,,,,,,,,,,,,,,,,,,,,,,,,,,,,,,,
538,758,,,,,,,,,,,,,,,,,,,,,,,,,,,,,,,,,,,,,,,,,,,,,,,,,,,,,,,,,,
548,754,,,,,,,,,,,,,,,,,,,,,,,,,,,,,,,,,,,,,,,,,,,,,,,,,,,,,,,,,,
542,753,,,,,,,,,,,,,,,,,,,,,,,,,,,,,,,,,,,,,,,,,,,,,,,,,,,,,,,,,,
538,744,,,,,,,,,,,,,,,,,,,,,,,,,,,,,,,,,,,,,,,,,,,,,,,,,,,,,,,,,,
543,752,,,,,,,,,,,,,,,,,,,,,,,,,,,,,,,,,,,,,,,,,,,,,,,,,,,,,,,,,,
552,771,,,,,,,,,,,,,,,,,,,,,,,,,,,,,,,,,,,,,,,,,,,,,,,,,,,,,,,,,,
556,786,,,,,,,,,,,,,,,,,,,,,,,,,,,,,,,,,,,,,,,,,,,,,,,,,,,,,,,,,,